{"success": true, "score": 39.904334957002575, "scoreJson": {"score": 39.904334957002575, "Edit_acc": 61.38420485351128, "portability": 33.56750599490567, "locality": 35.14652486095563, "fluency": 35.77583186748865}}